Question,Answer
What is the meaning of life?,The meaning of life is a philosophical question that has been debated for centuries.
How does climate change affect the environment?,"Climate change has severe consequences for the environment, including rising sea levels, more frequent natural disasters, and loss of biodiversity."
What are the benefits of meditation?,"Meditation has several benefits, including reducing stress, improving mental clarity, and boosting mood."
What is artificial intelligence?,"Artificial intelligence refers to the development of computer systems that can perform tasks that typically require human intelligence, such as learning, problem-solving, and decision-making."
How can I improve my mental health?,"Improving mental health can be achieved through a combination of self-care practices, such as exercise, mindfulness, and social connection, as well as seeking professional help when needed."
What is the importance of sleep?,"Sleep is essential for physical and mental health, as it allows the body to rest and recover from the day's activities."
How can I reduce stress?,"Reducing stress can be achieved through a variety of techniques, including deep breathing, exercise, and mindfulness."
What are the benefits of reading?,"Reading has several benefits, including improving cognitive function, reducing stress, and increasing knowledge and understanding."
What is the importance of exercise?,"Exercise is essential for physical and mental health, as it can help to improve mood, reduce stress, and increase energy levels."
